{
    "goes_gvar": {
        "name": "GOES GVAR",
        "live": true,
        "live_cfg": [
            [
                1,
                0
            ],
            [
                2,
                0
            ],
            [
                3,
                0
            ]
        ],
        "frequencies": [
            1685.7
        ],
        "samplerate": 6e6,
        "baseband_type": "i16",
        "work": {
            "baseband": {},
            "soft": {
                "bpsk_demod": {
                    "symbolrate": 2110000,
                    "agc_rate": 0.00001,
                    "rrc_alpha": 0.7,
                    "rrc_taps": 31,
                    "costas_bw": 0.002,
                    "clock_omega_relative_limit": 0.001,
                    "buffer_size": 8192
                }
            },
            "gvar": {
                "goes_gvar_decoder": {}
            },
            "products": {
                "goes_gvar_image_decoder": {}
            }
        }
    },
    "fengyun_svissr": {
        "name": "FengYun-2 S-VISSR",
        "live": true,
        "live_cfg": [
            [
                1,
                0
            ],
            [
                2,
                0
            ],
            [
                3,
                0
            ]
        ],
        "frequencies": [
            1687.5
        ],
        "samplerate": 6e6,
        "baseband_type": "i16",
        "work": {
            "baseband": {},
            "soft": {
                "bpsk_demod": {
                    "symbolrate": 660000,
                    "agc_rate": 0.00001,
                    "rrc_alpha": 0.5,
                    "rrc_taps": 31,
                    "costas_bw": 0.02,
                    "buffer_size": 8192
                }
            },
            "svissr": {
                "fengyun_svissr_decoder": {}
            },
            "products": {
                "fengyun_svissr_image_decoder": {
                    "satname": "FY-2x"
                }
            }
        }
    },
    "goes_hrit": {
        "name": "GOES-R HRIT",
        "live": true,
        "live_cfg": [
            [
                1,
                0
            ],
            [
                2,
                0
            ],
            [
                3,
                0
            ]
        ],
        "frequencies": [
            1694.1
        ],
        "samplerate": 6e6,
        "baseband_type": "i16",
        "work": {
            "baseband": {},
            "soft": {
                "bpsk_demod": {
                    "symbolrate": 927000,
                    "agc_rate": 0.00001,
                    "rrc_alpha": 0.5,
                    "rrc_taps": 31,
                    "costas_bw": 0.02,
                    "buffer_size": 8192
                }
            },
            "cadu": {
                "ccsds_conv_r2_concat_decoder": {
                    "constellation": "bpsk",
                    "cadu_size": 8192,
                    "viterbi_ber_thresold": 0.300,
                    "viterbi_outsync_after": 20,
                    "derandomize": true,
                    "nrzm": true,
                    "rs_i": 4,
                    "rs_type": "rs223"
                }
            },
            "products": {
                "goes_lrit_data_decoder": {
                    "write_images": true,
                    "write_emwin": true,
                    "write_messages": true,
                    "write_dcs": true,
                    "write_unknown": false
                }
            }
        }
    },
    "goes_hrit_tcp": {
        "name": "GOES-R HRIT to goestools",
        "live": true,
        "live_cfg": [
            [
                1,
                0
            ],
            [
                2,
                0
            ],
            [
                3,
                0
            ]
        ],
        "frequencies": [
            1694.1
        ],
        "samplerate": 6e6,
        "baseband_type": "i16",
        "work": {
            "baseband": {},
            "soft": {
                "bpsk_demod": {
                    "symbolrate": 927000,
                    "agc_rate": 0.00001,
                    "rrc_alpha": 0.5,
                    "rrc_taps": 31,
                    "costas_bw": 0.02,
                    "buffer_size": 8192
                }
            },
            "cadu": {
                "ccsds_conv_r2_concat_decoder": {
                    "constellation": "bpsk",
                    "cadu_size": 8192,
                    "viterbi_ber_thresold": 0.300,
                    "viterbi_outsync_after": 20,
                    "derandomize": true,
                    "nrzm": true,
                    "rs_i": 4,
                    "rs_type": "rs223"
                }
            },
            "tcp": {
                "xrit_goesrecv_publisher": {
                    "address": "0.0.0.0",
                    "port": 5004
                }
            }
        }
    },
    "gk2a_lrit": {
        "name": "GK-2A LRIT",
        "live": true,
        "live_cfg": [
            [
                1,
                0
            ],
            [
                2,
                0
            ],
            [
                3,
                0
            ]
        ],
        "frequencies": [
            1692.14
        ],
        "samplerate": 1e6,
        "baseband_type": "i16",
        "work": {
            "baseband": {},
            "soft": {
                "bpsk_demod": {
                    "symbolrate": 128000,
                    "agc_rate": 0.0001,
                    "rrc_alpha": 0.5,
                    "rrc_taps": 31,
                    "costas_bw": 0.02,
                    "buffer_size": 8192
                }
            },
            "cadu": {
                "ccsds_conv_r2_concat_decoder": {
                    "constellation": "bpsk",
                    "cadu_size": 8192,
                    "viterbi_ber_thresold": 0.300,
                    "viterbi_outsync_after": 20,
                    "derandomize": true,
                    "rs_i": 4,
                    "rs_type": "rs223"
                }
            },
            "products": {
                "gk2a_lrit_data_decoder": {
                    "write_images": true,
                    "write_additional": true,
                    "write_unknown": true
                }
            }
        }
    },
    "gk2a_lrit_tcp": {
        "name": "GK-2A LRIT to xrit-rx",
        "live": true,
        "live_cfg": [
            [
                1,
                0
            ],
            [
                2,
                0
            ],
            [
                3,
                0
            ]
        ],
        "frequencies": [
            1692.14
        ],
        "samplerate": 1e6,
        "baseband_type": "i16",
        "work": {
            "baseband": {},
            "soft": {
                "bpsk_demod": {
                    "symbolrate": 128000,
                    "agc_rate": 0.0001,
                    "rrc_alpha": 0.5,
                    "rrc_taps": 31,
                    "costas_bw": 0.02,
                    "buffer_size": 8192
                }
            },
            "cadu": {
                "ccsds_conv_r2_concat_decoder": {
                    "constellation": "bpsk",
                    "cadu_size": 8192,
                    "viterbi_ber_thresold": 0.300,
                    "viterbi_outsync_after": 20,
                    "derandomize": true,
                    "rs_i": 4,
                    "rs_type": "rs223"
                }
            },
            "tcp": {
                "xrit_goesrecv_publisher": {
                    "address": "0.0.0.0",
                    "port": 5004
                }
            }
        }
    },
    "gk2a_hrit": {
        "name": "GK-2A HRIT",
        "live": true,
        "live_cfg": [
            [
                1,
                0
            ],
            [
                2,
                0
            ]
        ],
        "frequencies": [
            1695.4
        ],
        "samplerate": 6e6,
        "baseband_type": "i16",
        "work": {
            "baseband": {},
            "soft": {
                "qpsk_demod": {
                    "symbolrate": 3000000,
                    "agc_rate": 0.00001,
                    "rrc_alpha": 0.5,
                    "rrc_taps": 31,
                    "costas_bw": 0.02,
                    "buffer_size": 8192
                }
            },
            "cadu": {
                "ccsds_conv_r2_concat_decoder": {
                    "constellation": "qpsk",
                    "cadu_size": 8192,
                    "viterbi_ber_thresold": 0.300,
                    "viterbi_outsync_after": 20,
                    "derandomize": true,
                    "rs_i": 4,
                    "rs_type": "rs223"
                }
            }
        }
    },
    "elektro_lrit": {
        "name": "ELEKTRO-L LRIT",
        "live": true,
        "live_cfg": [
            [
                1,
                0
            ],
            [
                2,
                0
            ],
            [
                3,
                0
            ]
        ],
        "frequencies": [
            1691.0
        ],
        "samplerate": 1e6,
        "baseband_type": "i16",
        "work": {
            "baseband": {},
            "soft": {
                "bpsk_demod": {
                    "symbolrate": 294000,
                    "agc_rate": 0.0001,
                    "rrc_alpha": 0.5,
                    "rrc_taps": 31,
                    "costas_bw": 0.02,
                    "buffer_size": 8192
                }
            },
            "cadu": {
                "ccsds_conv_r2_concat_decoder": {
                    "constellation": "bpsk",
                    "cadu_size": 8192,
                    "viterbi_ber_thresold": 0.300,
                    "viterbi_outsync_after": 20,
                    "derandomize": true,
                    "rs_i": 4,
                    "rs_type": "rs223"
                }
            },
            "products": {
                "elektro_lrit_data_decoder": {}
            }
        }
    },
    "elektro_hrit": {
        "name": "ELEKTRO-L HRIT",
        "live": true,
        "live_cfg": [
            [
                1,
                0
            ],
            [
                2,
                0
            ],
            [
                3,
                0
            ]
        ],
        "frequencies": [
            1691.0
        ],
        "samplerate": 6e6,
        "baseband_type": "i16",
        "work": {
            "baseband": {},
            "soft": {
                "oqpsk_demod": {
                    "symbolrate": 1150000,
                    "agc_rate": 0.00001,
                    "rrc_alpha": 0.6,
                    "rrc_taps": 31,
                    "costas_bw": 0.004,
                    "clock_gain_omega": 2.5e-7,
                    "clock_mu": 0.5,
                    "clock_gain_mu": 0.001,
                    "clock_omega_relative_limit": 0.005,
                    "dc_block": false,
                    "constellation_scale": 100,
                    "buffer_size": 8192
                }
            },
            "cadu": {
                "ccsds_conv_r2_concat_decoder": {
                    "constellation": "qpsk",
                    "cadu_size": 8192,
                    "viterbi_ber_thresold": 0.300,
                    "viterbi_outsync_after": 20,
                    "derandomize": true,
                    "rs_i": 4,
                    "rs_type": "rs223"
                }
            },
            "products": {
                "elektro_lrit_data_decoder": {}
            }
        }
    },
    "elektro_tlm": {
        "name": "ELEKTRO-L L-Band TLM",
        "live": true,
        "live_cfg": [
            [
                1,
                0
            ]
        ],
        "frequencies": [
            1693.0
        ],
        "samplerate": 3e6,
        "baseband_type": "i16",
        "work": {
            "baseband": {},
            "cadu": {
                "elektro_arktika_tlm_demod": {
                    "buffer_size": 8192
                }
            }
        }
    },
    "arktika_tlm": {
        "name": "ARKTIKA-M L-Band TLM",
        "live": true,
        "live_cfg": [
            [
                1,
                0
            ]
        ],
        "frequencies": [
            1703.0
        ],
        "samplerate": 3e6,
        "baseband_type": "i16",
        "work": {
            "baseband": {},
            "soft": {
                "elektro_arktika_tlm_demod": {
                    "buffer_size": 8192
                }
            }
        }
    },
    "goes_grb": {
        "name": "GOES-R GRB",
        "live": false,
        "frequencies": [],
        "samplerate": 6e6,
        "baseband_type": "i16",
        "work": {
            "baseband": {},
            "bbframe": {},
            "cadu": {
                "goes_grb_cadu_extractor": {}
            },
            "products": {
                "goes_grb_data_decoder": {}
            }
        }
    }
}