{
    "proba1_dump": {
        "name": "Proba-1 Dump",
        "live": true,
        "live_cfg": [
            [
                1,
                0
            ],
            [
                2,
                0
            ]
        ],
        "frequencies": [
            2235
        ],
        "samplerate": 4e6,
        "baseband_type": "i16",
        "work": {
            "baseband": {},
            "soft": {
                "bpsk_demod": {
                    "symbolrate": 2000000,
                    "agc_rate": 0.00001,
                    "rrc_alpha": 0.5,
                    "rrc_taps": 31,
                    "costas_bw": 0.004,
                    "buffer_size": 8192
                }
            },
            "cadu": {
                "ccsds_conv_r2_concat_decoder": {
                    "constellation": "bpsk_90",
                    "cadu_size": 10232,
                    "viterbi_ber_thresold": 0.300,
                    "viterbi_outsync_after": 20,
                    "derandomize": false,
                    "rs_i": 5,
                    "rs_type": "rs223"
                }
            },
            "products": {
                "proba_chris": {
                    "composites_low": {
                        "RGB-080502": {
                            "channels": [
                                1,
                                2
                            ],
                            "expression": "(ch8-0.03)*3, (ch5-0.03)*2.7, (ch2-0.03)*3"
                        },
                        "EVI-(vegetation)": {
                            "channels": [
                                1,
                                2
                            ],
                            "expression": "((ch19-ch8)/(ch19+6*ch8-7.5*ch2+1))*2"
                        },
                        "EVI-141908-(vegetation)": {
                            "channels": [
                                1,
                                2
                            ],
                            "expression": "ch14 * 1.5, (ch19 + (ch19-ch8)*1.5/(ch19+6*ch8-7.5*ch2+1)) * 1.5, ch8* 1.5"
                        },
                        "RGB-191908-(221)": {
                            "channels": [
                                1,
                                2
                            ],
                            "expression": "ch19*2, ch19*2, ch8*2"
                        },
                        "EVI-(vegetation)-[chlorophyll]": {
                            "channels": [
                                1,
                                2
                            ],
                            "expression": "((ch15-ch8)/(ch15+6*ch8-7.5*ch2+1))*1.5"
                        },
                        "EVI-101808-(vegetation)-[chlorophyll]": {
                            "channels": [
                                1,
                                2
                            ],
                            "expression": "ch10 * 1.5, ch18 + (ch15-ch8)/(ch15+6*ch8-7.5*ch2+1) * 1.5, ch8* 1.5"
                        },
                        "RGB-151508-(221)-[chlorophyll]": {
                            "channels": [
                                1,
                                2
                            ],
                            "expression": "ch19*2, ch19*2, ch8*2"
                        },
                        "RGB-120805-[water]": {
                            "channels": [
                                1,
                                2
                            ],
                            "expression": "(ch12-0.1)*4, (ch8-0.1)*4, (ch5-0.1)*4"
                        }
                    },
                    "composites_all": {
                        "RGB-251607-(RGB)": {
                            "channels": [
                                1,
                                2
                            ],
                            "expression": "ch25 * 1.65, ch16 * 2.1, ch7 * 2"
                        },
                        "RGB-464625-(221)": {
                            "channels": [
                                1,
                                2
                            ],
                            "expression": "ch46 * 2, ch46 * 2, ch25 * 2"
                        },
                        "EVI-634625-(vegetation)": {
                            "channels": [
                                1,
                                2
                            ],
                            "expression": "ch63, ch46 + ((ch46-ch25)/(ch46+6*ch25-7.5*ch7+1)), ch25"
                        },
                        "EVI-(vegetation)": {
                            "channels": [
                                1,
                                2
                            ],
                            "expression": "((ch46-ch25)/(ch46+6*ch25-7.5*ch7+1))*1.5"
                        }
                    }
                },
                "proba_hrc": {}
            }
        }
    },
    "proba2_dump": {
        "name": "Proba-2 Dump",
        "live": true,
        "live_cfg": [
            [
                1,
                0
            ],
            [
                2,
                0
            ]
        ],
        "frequencies": [
            2235
        ],
        "samplerate": 4e6,
        "baseband_type": "i16",
        "work": {
            "baseband": {},
            "soft": {
                "bpsk_demod": {
                    "symbolrate": 2000000,
                    "agc_rate": 0.00001,
                    "rrc_alpha": 0.5,
                    "rrc_taps": 31,
                    "costas_bw": 0.004,
                    "buffer_size": 8192
                }
            },
            "cadu": {
                "ccsds_conv_r2_concat_decoder": {
                    "constellation": "bpsk_90",
                    "cadu_size": 10232,
                    "viterbi_ber_thresold": 0.300,
                    "viterbi_outsync_after": 20,
                    "derandomize": false,
                    "rs_i": 5,
                    "rs_type": "rs223"
                }
            },
            "products": {
                "proba_swap": {}
            }
        }
    },
    "probav_s_dump": {
        "name": "Proba-V S-Band Dump",
        "live": true,
        "live_cfg": [
            [
                1,
                0
            ],
            [
                2,
                0
            ]
        ],
        "frequencies": [
            2235
        ],
        "samplerate": 4e6,
        "baseband_type": "i16",
        "work": {
            "baseband": {},
            "soft": {
                "bpsk_demod": {
                    "symbolrate": 1919000,
                    "agc_rate": 0.00001,
                    "rrc_alpha": 0.5,
                    "rrc_taps": 31,
                    "costas_bw": 0.004,
                    "buffer_size": 8192
                }
            },
            "cadu": {
                "ccsds_conv_r2_concat_decoder": {
                    "constellation": "bpsk_90",
                    "cadu_size": 10232,
                    "viterbi_ber_thresold": 0.300,
                    "viterbi_outsync_after": 20,
                    "derandomize": true,
                    "rs_i": 5,
                    "rs_type": "rs223"
                }
            }
        }
    },
    "smap_s_link": {
        "name": "SMAP S-Band Link",
        "live": false,
        "frequencies": [],
        "samplerate": 3e6,
        "baseband_type": "i16",
        "work": {
            "baseband": {},
            "soft": {
                "bpsk_demod": {
                    "symbolrate": 590000,
                    "agc_rate": 0.00001,
                    "rrc_alpha": 0.5,
                    "rrc_taps": 31,
                    "costas_bw": 0.04,
                    "buffer_size": 8192
                }
            },
            "cadu": {
                "ccsds_simple_psk_decoder": {
                    "constellation": "bpsk",
                    "cadu_size": 10232,
                    "derandomize": true,
                    "nrzm": true,
                    "rs_i": 5,
                    "rs_type": "rs239"
                }
            }
        }
    },
    "jason3_link": {
        "name": "Jason-3 S-Band Link",
        "live": true,
        "live_cfg": [
            [
                1,
                0
            ],
            [
                2,
                0
            ]
        ],
        "frequencies": [],
        "samplerate": 3e6,
        "baseband_type": "i16",
        "work": {
            "baseband": {},
            "soft": {
                "qpsk_demod": {
                    "symbolrate": 838000,
                    "agc_rate": 0.00001,
                    "rrc_alpha": 0.7,
                    "rrc_taps": 31,
                    "costas_bw": 0.005,
                    "buffer_size": 8192
                }
            },
            "cadu": {
                "ccsds_conv_r2_concat_decoder": {
                    "constellation": "qpsk",
                    "cadu_size": 10232,
                    "viterbi_ber_thresold": 0.300,
                    "viterbi_outsync_after": 20,
                    "derandomize": true,
                    "nrzm": true,
                    "rs_i": 5,
                    "rs_type": "rs239"
                }
            },
            "products": {
                "jason3_poseidon": {},
                "jason3_amr2": {},
                "jason3_lpt": {}
            }
        }
    },
    "coriolis_db": {
        "name": "Coriolis S-Band Tactical DB",
        "live": true,
        "live_cfg": [
            [
                1,
                0
            ],
            [
                2,
                0
            ]
        ],
        "frequencies": [
            2221.5
        ],
        "samplerate": 4e6,
        "baseband_type": "i16",
        "work": {
            "baseband": {},
            "soft": {
                "bpsk_demod": {
                    "symbolrate": 512000,
                    "agc_rate": 0.00001,
                    "rrc_alpha": 0.5,
                    "rrc_taps": 31,
                    "costas_bw": 0.004,
                    "buffer_size": 8192
                }
            },
            "frm": {
                "ccsds_conv_r2_concat_decoder": {
                    "ccsds": false,
                    "constellation": "bpsk",
                    "cadu_size": 8192,
                    "viterbi_ber_thresold": 0.300,
                    "viterbi_outsync_after": 20,
                    "derandomize": false,
                    "rs_i": 0,
                    "asm": "0x352ef853"
                }
            },
            "products": {
                "coriolis_windsat": {}
            }
        }
    },
    "cloudsat_link": {
        "name": "CloudSat S-Band Link",
        "live": true,
        "live_cfg": [
            [
                1,
                0
            ],
            [
                2,
                0
            ]
        ],
        "frequencies": [
            2217.5
        ],
        "samplerate": 4e6,
        "baseband_type": "i16",
        "work": {
            "baseband": {},
            "soft": {
                "bpsk_demod": {
                    "symbolrate": 1000000,
                    "agc_rate": 0.00001,
                    "rrc_alpha": 0.5,
                    "rrc_taps": 31,
                    "costas_bw": 0.004,
                    "buffer_size": 8192
                }
            },
            "frm": {
                "ccsds_simple_psk_decoder": {
                    "ccsds": false,
                    "constellation": "bpsk",
                    "cadu_size": 3216,
                    "derandomize": false,
                    "nrzm": true,
                    "rs_i": 0,
                    "asm": "0x04b3e375"
                }
            },
            "products": {
                "cloudsat_cpr": {}
            }
        }
    },
    "grace_fo_link": {
        "name": "Grace-FO Dump",
        "live": false,
        "frequencies": [],
        "samplerate": 20e6,
        "baseband_type": "w8",
        "work": {
            "baseband": {},
            "soft": {
                "oqpsk_demod": {
                    "symbolrate": 1500000,
                    "agc_rate": 0.1,
                    "rrc_alpha": 0.5,
                    "rrc_taps": 31,
                    "costas_bw": 0.006,
                    "clock_gain_omega": 0.8,
                    "clock_mu": 0.9,
                    "clock_gain_mu": 0.037,
                    "clock_omega_relative_limit": 0.001,
                    "constellation_scale": 100,
                    "buffer_size": 8192
                }
            },
            "cadu": {
                "ccsds_simple_psk_decoder": {
                    "constellation": "qpsk",
                    "cadu_size": 10232,
                    "nrzm": false,
                    "rs_i": 5,
                    "rs_type": "rs239"
                }
            }
        }
    },
    "cheops_link": {
        "name": "CHEOPS S-Band Dump",
        "live": false,
        "frequencies": [],
        "samplerate": 3e6,
        "baseband_type": "w8",
        "work": {
            "baseband": {},
            "soft": {
                "oqpsk_demod": {
                    "symbolrate": 1142000,
                    "agc_rate": 0.1,
                    "rrc_alpha": 0.5,
                    "rrc_taps": 31,
                    "costas_bw": 0.006,
                    "clock_gain_omega": 0.8,
                    "clock_mu": 0.9,
                    "clock_gain_mu": 0.037,
                    "clock_omega_relative_limit": 0.001,
                    "constellation_scale": 100,
                    "buffer_size": 8192
                }
            },
            "cadu": {
                "ccsds_simple_psk_decoder": {
                    "constellation": "qpsk",
                    "cadu_size": 10232,
                    "oqpsk_delay": true,
                    "rs_i": 5,
                    "rs_type": "rs223"
                }
            }
        }
    }
}