{
    "probav_x_dump": {
        "name": "Proba-V X-Band Dump",
        "live": false,
        "live_cfg": [
            [
                1,
                0
            ]
        ],
        "frequencies": [
            8300
        ],
        "samplerate": 4e6,
        "baseband_type": "i16",
        "work": {
            "baseband": {},
            "soft": {
                "bpsk_demod": {
                    "symbolrate": 1919000,
                    "agc_rate": 0.000001,
                    "rrc_alpha": 0.5,
                    "rrc_taps": 31,
                    "costas_bw": 0.004,
                    "buffer_size": 8192
                }
            },
            "cadu": {
                "proba_s_decoder": {
                    "derandomize": true
                }
            },
            "products": {
                "proba_vegetation": {}
            }
        }
    },
    "gcom_w1": {
        "name": "GCOM-W1 DB",
        "live": false,
        "frequencies": [],
        "samplerate": 20e6,
        "baseband_type": "w8",
        "work": {
            "baseband": {},
            "soft": {
                "oqpsk_demod": {
                    "symbolrate": 10000000,
                    "agc_rate": 0.1,
                    "rrc_alpha": 0.5,
                    "rrc_taps": 31,
                    "costas_bw": 0.006,
                    "clock_gain_omega": 0.8,
                    "clock_mu": 0.9,
                    "clock_gain_mu": 0.037,
                    "clock_omega_relative_limit": 0.001,
                    "dc_block": true,
                    "constellation_scale": 100,
                    "buffer_size": 8192
                }
            },
            "cadu": {
                "ccsds_conv_r2_concat_decoder": {
                    "constellation": "qpsk",
                    "cadu_size": 10112,
                    "viterbi_ber_thresold": 0.300,
                    "viterbi_outsync_after": 20,
                    "derandomize": true,
                    "nrzm": true,
                    "rs_i": 0,
                    "rs_type": "rs239"
                }
            },
            "products": {
                "gcom_amsr2": {}
            }
        }
    },
    "gcom_c1": {
        "name": "GCOM-C1 DB",
        "live": false,
        "frequencies": [],
        "samplerate": 20e6,
        "baseband_type": "w8",
        "work": {
            "baseband": {},
            "soft": {
                "oqpsk_demod": {
                    "symbolrate": 69416000,
                    "agc_rate": 0.1,
                    "rrc_alpha": 0.5,
                    "rrc_taps": 31,
                    "costas_bw": 0.006,
                    "clock_gain_omega": 0.8,
                    "clock_mu": 0.9,
                    "clock_gain_mu": 0.037,
                    "clock_omega_relative_limit": 0.001,
                    "dc_block": true,
                    "constellation_scale": 100,
                    "buffer_size": 8192
                }
            },
            "cadu": {
                "ccsds_simple_psk_decoder": {
                    "constellation": "qpsk",
                    "cadu_size": 10112,
                    "nrzm": true,
                    "derandomize": true,
                    "rs_i": 0
                }
            },
            "products": {
                "gcom_amsr2": {}
            }
        }
    },
    "aeolus_dump": {
        "name": "Aeolus Dump",
        "live": false,
        "live_cfg": [],
        "frequencies": [],
        "samplerate": 10e6,
        "baseband_type": "w8",
        "work": {
            "baseband": {},
            "soft": {
                "oqpsk_demod": {
                    "symbolrate": 5000000,
                    "agc_rate": 0.1,
                    "rrc_alpha": 0.5,
                    "rrc_taps": 31,
                    "costas_bw": 0.006,
                    "clock_gain_omega": 0.8,
                    "clock_mu": 0.9,
                    "clock_gain_mu": 0.037,
                    "clock_omega_relative_limit": 0.0001,
                    "dc_block": true,
                    "constellation_scale": 100,
                    "buffer_size": 8192
                }
            }
        }
    },
    "smos_dump": {
        "name": "SMOS X-Band Dump",
        "live": false,
        "live_cfg": [],
        "frequencies": [],
        "samplerate": 20e6,
        "baseband_type": "w8",
        "work": {
            "baseband": {},
            "soft": {
                "8psk_demod": {
                    "symbolrate": 9000000,
                    "agc_rate": 0.00001,
                    "rrc_alpha": 0.5,
                    "rrc_taps": 31,
                    "costas_bw": 0.001,
                    "clock_omega_relative_limit": 0.001,
                    "buffer_size": 8192
                }
            },
            "cadu": {}
        }
    },
    "prisma_dump": {
        "name": "PRISMA X-Band Dump",
        "live": false,
        "live_cfg": [],
        "frequencies": [],
        "samplerate": 90e6,
        "baseband_type": "w8",
        "work": {
            "baseband": {},
            "soft": {
                "qpsk_demod": {
                    "symbolrate": 77500000,
                    "agc_rate": 0.00001,
                    "rrc_alpha": 0.35,
                    "rrc_taps": 31,
                    "costas_bw": 0.0189,
                    "buffer_size": 8192
                }
            },
            "cadu": {
                "ccsds_simple_psk_decoder": {
                    "constellation": "qpsk",
                    "cadu_size": 8304,
                    "nrzm": true,
                    "derandomize": true,
                    "rs_i": 0
                }
            },
            "products": {}
        }
    },
    "sentinel6_dump": {
        "name": "Sentinel-6 Dump",
        "live": false,
        "frequencies": [],
        "samplerate": 20e6,
        "baseband_type": "w8",
        "work": {
            "baseband": {},
            "soft": {
                "oqpsk_demod": {
                    "symbolrate": 75000000,
                    "agc_rate": 0.1,
                    "rrc_alpha": 0.5,
                    "rrc_taps": 31,
                    "costas_bw": 0.006,
                    "clock_gain_omega": 1.8922499999999997e-05,
                    "clock_mu": 0.5,
                    "clock_gain_mu": 8.7e-3,
                    "clock_omega_relative_limit": 0.005,
                    "dc_block": true,
                    "constellation_scale": 100,
                    "buffer_size": 8192
                }
            },
            "cadu": {
                "ccsds_simple_psk_decoder": {
                    "constellation": "qpsk",
                    "cadu_size": 10232,
                    "nrzm": false,
                    "derandomize": true,
                    "rs_i": 5,
                    "rs_type": "rs223"
                }
            }
        }
    },
    "iris_dump": {
        "name": "IRIS X-Band Dump",
        "live": false,
        "live_cfg": [],
        "frequencies": [],
        "samplerate": 20e6,
        "baseband_type": "w8",
        "work": {
            "baseband": {},
            "soft": {
                "oqpsk_demod": {
                    "symbolrate": 7500000,
                    "agc_rate": 0.1,
                    "rrc_alpha": 0.5,
                    "rrc_taps": 31,
                    "costas_bw": 0.006,
                    "clock_gain_omega": 0.8,
                    "clock_mu": 0.9,
                    "clock_gain_mu": 0.037,
                    "clock_omega_relative_limit": 0.0001,
                    "dc_block": true,
                    "constellation_scale": 100,
                    "buffer_size": 8192
                }
            },
            "cadu": {
                "iris_dump_decoder": {}
            }
        }
    }
}