{
    "fengyun3_abc_mpt": {
        "name": "FengYun-3 A/B/C MPT",
        "live": false,
        "frequencies": [],
        "samplerate": 30e6,
        "baseband_type": "w8",
        "work": {
            "baseband": {},
            "soft": {
                "qpsk_demod": {
                    "symbolrate": 18700000,
                    "agc_rate": 0.00001,
                    "rrc_alpha": 0.35,
                    "rrc_taps": 31,
                    "costas_bw": 0.0063,
                    "buffer_size": 8192
                }
            },
            "cadu": {
                "new_fengyun_mpt_decoder": {
                    "viterbi_outsync_after": 5,
                    "viterbi_ber_thresold": 0.170,
                    "soft_symbols": true
                }
            },
            "products": {
                "fengyun_satid": {},
                "fengyun_mersi1": {
                    "correct_bowtie": true,
                    "composites": "composites/fengyun_mersi1.json.inc"
                }
            }
        }
    },
    "fengyun3_d_ahrpt": {
        "name": "FengYun-3 D AHRPT",
        "live": false,
        "frequencies": [],
        "samplerate": 45e6,
        "baseband_type": "w8",
        "work": {
            "baseband": {},
            "soft": {
                "qpsk_demod": {
                    "symbolrate": 30000000,
                    "agc_rate": 0.00001,
                    "rrc_alpha": 0.35,
                    "rrc_taps": 31,
                    "costas_bw": 0.0163,
                    "buffer_size": 8192
                }
            },
            "cadu": {
                "new_fengyun_ahrpt_decoder": {
                    "viterbi_outsync_after": 5,
                    "viterbi_ber_thresold": 0.310,
                    "soft_symbols": true,
                    "invert_second_viterbi": true
                }
            },
            "products": {
                "fengyun_satid": {
                    "scid_hint": 52
                },
                "fengyun_mersi2": {
                    "correct_bowtie": true,
                    "composites": "composites/fengyun_mersi2.json.inc"
                },
                "fengyun_mwts2": {},
                "fengyun_waai": {},
                "fengyun_mwri": {},
                "fengyun_mwhs2": {}
            }
        }
    },
    "fengyun3_e_ahrpt": {
        "name": "FengYun-3 E AHRPT",
        "live": false,
        "frequencies": [],
        "samplerate": 45e6,
        "baseband_type": "w8",
        "work": {
            "baseband": {},
            "soft": {
                "qpsk_demod": {
                    "symbolrate": 38400000,
                    "agc_rate": 0.00001,
                    "rrc_alpha": 0.35,
                    "rrc_taps": 31,
                    "costas_bw": 0.0189,
                    "buffer_size": 8192
                }
            },
            "cadu": {
                "new_fengyun_ahrpt_decoder": {
                    "viterbi_outsync_after": 5,
                    "viterbi_ber_thresold": 0.170,
                    "soft_symbols": true,
                    "invert_second_viterbi": true
                }
            },
            "products": {
                "fengyun_satid": {
                    "scid_hint": 56
                },
                "fengyun_mersill": {
                    "correct_bowtie": true,
                    "composites": "composites/fengyun_mersill.json.inc"
                },
                "fengyun_xeuvi": {},
                "fengyun_windrad": {},
                "fengyun_mwts3": {},
                "fengyun_mwhs2": {}
            }
        }
    },
    "aqua_db": {
        "name": "Aqua DB",
        "live": true,
        "live_cfg": [
            [
                1,
                0
            ],
            [
                2,
                0
            ]
        ],
        "frequencies": [
            8160.0
        ],
        "samplerate": 15e6,
        "baseband_type": "w8",
        "work": {
            "baseband": {},
            "soft": {
                "oqpsk_demod": {
                    "symbolrate": 7500000,
                    "agc_rate": 0.1,
                    "rrc_alpha": 0.5,
                    "rrc_taps": 31,
                    "costas_bw": 0.006,
                    "clock_gain_omega": 0.8,
                    "clock_mu": 0.9,
                    "clock_gain_mu": 0.037,
                    "clock_omega_relative_limit": 0.0001,
                    "dc_block": true,
                    "constellation_scale": 100,
                    "buffer_size": 8192
                }
            },
            "cadu": {
                "aqua_db_decoder": {}
            },
            "products": {
                "eos_modis": {
                    "terra_mode": false,
                    "correct_bowtie": true,
                    "composites": "composites/eos_modis.json.inc"
                },
                "aqua_airs": {},
                "aqua_ceres": {},
                "aqua_amsu": {}
            }
        }
    },
    "terra_db": {
        "name": "Terra DB",
        "live": false,
        "frequencies": [],
        "samplerate": 45e6,
        "baseband_type": "w8",
        "work": {
            "baseband": {},
            "soft": {
                "terra_db_demod": {
                    "dc_block": false,
                    "buffer_size": 8192
                }
            },
            "cadu": {
                "ccsds_conv_r2_concat_decoder": {
                    "constellation": "bpsk_90",
                    "cadu_size": 8192,
                    "viterbi_ber_thresold": 0.300,
                    "viterbi_outsync_after": 20,
                    "derandomize": true,
                    "derand_after_rs": true,
                    "derand_start": 10,
                    "nrzm": true,
                    "rs_i": 4,
                    "rs_type": "rs223"
                }
            },
            "products": {
                "eos_modis": {
                    "terra_mode": true,
                    "correct_bowtie": true,
                    "composites": "composites/eos_modis.json.inc"
                }
            }
        }
    },
    "npp_hrd": {
        "name": "Suomi NPP / JPSS-1 HRD",
        "live": false,
        "frequencies": [],
        "samplerate": 25e6,
        "baseband_type": "w8",
        "work": {
            "baseband": {},
            "soft": {
                "qpsk_demod": {
                    "symbolrate": 15000000,
                    "agc_rate": 0.0001,
                    "rrc_alpha": 0.7,
                    "rrc_taps": 31,
                    "costas_bw": 0.001,
                    "buffer_size": 8192
                }
            },
            "cadu": {
                "ccsds_conv_r2_concat_decoder": {
                    "constellation": "qpsk",
                    "cadu_size": 8192,
                    "viterbi_ber_thresold": 0.300,
                    "viterbi_outsync_after": 20,
                    "derandomize": true,
                    "nrzm": true,
                    "rs_i": 4,
                    "rs_type": "rs223"
                }
            },
            "products": {
                "jpss_satid": {
                    "npp_mode": true
                },
                "jpss_viirs": {
                    "npp_mode": true,
                    "composites": {
                        "RGB-I221": {
                            "channels": [
                                101,
                                102
                            ],
                            "expression": "ch102 * 4 - 0.2, ch102 * 4 - 0.2, ch101 * 4.4 - 0.2"
                        },
                        "RGB-I321": {
                            "channels": [
                                101,
                                102,
                                103
                            ],
                            "expression": "ch103 * 4 - 0.2, ch102 * 4 - 0.2, ch101 * 4 - 0.2"
                        },
                        "RGB-(23)21": {
                            "channels": [
                                101,
                                102,
                                103
                            ],
                            "expression": "(ch103 * 0.4 + ch102 * 0.6) * 4 - 0.2, ch102 * 4 - 0.2, ch101 * 4 - 0.2",
                            "corrected": true
                        },
                        "RGB-M543": {
                            "channels": [
                                5,
                                4,
                                3
                            ],
                            "expression": "ch5, ch4, ch3",
                            "equalize": true
                        },
                        "I4-EQU": {
                            "channels": [
                                104
                            ],
                            "expression": "ch104",
                            "equalize": true,
                            "normalize": true
                        }
                    }
                },
                "jpss_atms": {
                    "npp_mode": true
                },
                "jpss_omps": {
                    "npp_mode": true
                }
            }
        }
    },
    "elektro_rdas": {
        "name": "ELEKTRO-L RDAS",
        "live": false,
        "frequencies": [],
        "samplerate": 45e6,
        "baseband_type": "i16",
        "work": {
            "baseband": {},
            "soft": {
                "bpsk_demod": {
                    "symbolrate": 30720000,
                    "agc_rate": 0.00001,
                    "rrc_alpha": 0.5,
                    "rrc_taps": 31,
                    "costas_bw": 0.03,
                    "buffer_size": 8192
                }
            },
            "cadu": {
                "ccsds_simple_psk_decoder": {
                    "constellation": "bpsk",
                    "cadu_size": 8192,
                    "derandomize": true,
                    "nrzm": true,
                    "rs_i": 0
                }
            },
            "products": {
                "elektro_arktika_msugs": {}
            }
        }
    },
    "arktika_rdas": {
        "name": "ARKTIKA-M RDAS",
        "live": false,
        "frequencies": [],
        "samplerate": 45e6,
        "baseband_type": "i16",
        "work": {
            "baseband": {},
            "soft": {
                "bpsk_demod": {
                    "symbolrate": 30720000,
                    "agc_rate": 0.00001,
                    "rrc_alpha": 0.5,
                    "rrc_taps": 31,
                    "costas_bw": 0.03,
                    "buffer_size": 8192
                }
            },
            "cadu": {
                "ccsds_simple_psk_decoder": {
                    "constellation": "bpsk",
                    "cadu_size": 8192,
                    "derandomize": true,
                    "nrzm": true,
                    "rs_i": 0
                }
            },
            "products": {
                "elektro_arktika_msugs": {}
            }
        }
    },
    "oceansat2_db": {
        "name": "OceanSat-2 DB",
        "live": false,
        "frequencies": [],
        "samplerate": 35e6,
        "baseband_type": "w8",
        "work": {
            "baseband": {},
            "soft": {
                "qpsk_demod": {
                    "symbolrate": 21226000,
                    "agc_rate": 0.00001,
                    "rrc_alpha": 0.8,
                    "rrc_taps": 31,
                    "costas_bw": 0.01,
                    "buffer_size": 8192
                }
            },
            "frames": {
                "oceansat2_db_decoder": {}
            },
            "products": {
                "oceansat_ocm": {}
            }
        }
    },
    "fengyun3_abc_dpt": {
        "name": "FengYun-3 A/B/C DPT",
        "live": false,
        "frequencies": [],
        "samplerate": 65e6,
        "baseband_type": "i8",
        "work": {
            "baseband": {},
            "soft": {
                "qpsk_demod": {
                    "symbolrate": 62000000,
                    "agc_rate": 0.00001,
                    "rrc_alpha": 0.35,
                    "rrc_taps": 31,
                    "costas_bw": 0.0189,
                    "buffer_size": 8192
                }
            },
            "cadu": {
                "new_fengyun_ahrpt_decoder": {
                    "viterbi_outsync_after": 5,
                    "viterbi_ber_thresold": 0.170,
                    "soft_symbols": true,
                    "invert_second_viterbi": true
                }
            },
            "products": {
                "fengyun_satid": {},
                "fengyun_mersi1": {
                    "correct_bowtie": true,
                    "composites": "composites/fengyun_mersi1.json.inc"
                },
                "fengyun_virr": {
                    "composites": "composites/fengyun_virr.json.inc"
                },
                "fengyun_erm": {},
                "fengyun_mwhs": {}
            }
        }
    },
    "metop_dump": {
        "name": "MetOp X-Band Dump",
        "live": false,
        "live_cfg": [],
        "frequencies": [
            7800
        ],
        "samplerate": 45e6,
        "baseband_type": "w8",
        "work": {
            "baseband": {},
            "soft": {
                "qpsk_demod": {
                    "symbolrate": 35000000,
                    "agc_rate": 0.00001,
                    "rrc_alpha": 0.5,
                    "rrc_taps": 31,
                    "costas_bw": 0.03,
                    "buffer_size": 8192
                }
            },
            "cadu": {
                "metop_dump_decoder": {}
            },
            "products": {
                "metop_satid": {},
                "metop_avhrr": {
                    "composites": "composites/metop_avhrr.json.inc"
                },
                "metop_mhs": {},
                "metop_amsu": {},
                "metop_iasi": {
                    "write_all": false
                },
                "metop_gome": {
                    "write_all": false
                },
                "metop_ascat": {},
                "metop_sem": {},
                "metop_admin_msg": {}
            }
        }
    },
    "aura_db": {
        "name": "Aura DB",
        "live": true,
        "live_cfg": [
            [
                1,
                0
            ],
            [
                2,
                0
            ]
        ],
        "frequencies": [
            8160.0
        ],
        "samplerate": 15e6,
        "baseband_type": "w8",
        "work": {
            "baseband": {},
            "soft": {
                "oqpsk_demod": {
                    "symbolrate": 7500000,
                    "agc_rate": 0.1,
                    "rrc_alpha": 0.5,
                    "rrc_taps": 31,
                    "costas_bw": 0.006,
                    "clock_gain_omega": 0.8,
                    "clock_mu": 0.9,
                    "clock_gain_mu": 0.037,
                    "clock_omega_relative_limit": 0.0001,
                    "dc_block": true,
                    "constellation_scale": 100,
                    "buffer_size": 8192
                }
            },
            "cadu": {
                "aqua_db_decoder": {}
            },
            "products": {
                "aura_omi": {}
            }
        }
    },
    "cfosat1_dump": {
        "name": "CFOSAT-1 X-Band Dump",
        "live": false,
        "live_cfg": [],
        "frequencies": [],
        "samplerate": 40e6,
        "baseband_type": "w8",
        "work": {
            "baseband": {},
            "soft": {
                "qpsk_demod": {
                    "symbolrate": 30000000,
                    "agc_rate": 0.00001,
                    "rrc_alpha": 0.35,
                    "rrc_taps": 31,
                    "costas_bw": 0.0189,
                    "buffer_size": 8192
                }
            },
            "cadu": {
                "ccsds_simple_psk_decoder": {
                    "constellation": "qpsk",
                    "cadu_size": 8192,
                    "nrzm": true,
                    "rs_i": 4,
                    "rs_type": "rs223"
                }
            }
        }
    },
    "cryosat_dump": {
        "name": "Cryosat X-Band Dump",
        "live": false,
        "live_cfg": [],
        "frequencies": [],
        "samplerate": 60e6,
        "baseband_type": "w8",
        "work": {
            "baseband": {},
            "soft": {
                "qpsk_demod": {
                    "symbolrate": 50000000,
                    "agc_rate": 0.00001,
                    "rrc_alpha": 0.35,
                    "rrc_taps": 31,
                    "costas_bw": 0.0189,
                    "buffer_size": 8192
                }
            },
            "cadu": {
                "ccsds_simple_psk_decoder": {
                    "constellation": "qpsk",
                    "cadu_size": 10232,
                    "nrzm": true,
                    "rs_i": 5,
                    "rs_type": "rs229"
                }
            },
            "products": {
                "cryosat_siral": {}
            }
        }
    }
}